9396.04,2018-05-10
9374.76,2018-05-09
9462.75,2018-05-08
9665.85,2018-05-07
9940.14,2018-05-06
9964.5,2018-05-05
9779.2,2018-05-04
9798.33,2018-05-03
9256.52,2018-05-02
9255.88,2018-05-01
9477.14,2018-04-30
9531.49,2018-04-29
9412.09,2018-04-28
9375.47,2018-04-27
9281.51,2018-04-26
9745.32,2018-04-25
9732.61,2018-04-24
8958.55,2018-04-23
9001.64,2018-04-22
8997.57,2018-04-21
8880.23,2018-04-20
8298.69,2018-04-19
8197.8,2018-04-18
8285.96,2018-04-17
8371.15,2018-04-16
8338.42,2018-04-15
8140.71,2018-04-14
8183.96,2018-04-13
7899.23,2018-04-12
6968.32,2018-04-11
6872.41,2018-04-10
7178.11,2018-04-09
7111.56,2018-04-08
7050.54,2018-04-07
6857.49,2018-04-06
6933.82,2018-04-05
7469.88,2018-04-04
7530.94,2018-04-03
7135.47,2018-04-02
7060.95,2018-04-01
7207.85,2018-03-31
7276.66,2018-03-30
7994.33,2018-03-29
8122.89,2018-03-28
8232.78,2018-03-27
8530.08,2018-03-26
8682.01,2018-03-25
8996.18,2018-03-24
8879.62,2018-03-23
9100.71,2018-03-22
9177.37,2018-03-21
9051.02,2018-03-20
8675.87,2018-03-19
8245.51,2018-03-18
8346.53,2018-03-17
8585.15,2018-03-16
8428.35,2018-03-15
9355.85,2018-03-14
9470.38,2018-03-13
9937.5,2018-03-12
9711.89,2018-03-11
9531.32,2018-03-10
9466.35,2018-03-09
10147.4,2018-03-08
10929.5,2018-03-07
11500.1,2018-03-06
11704.1,2018-03-05
11512.6,2018-03-04
11528.2,2018-03-03
11189.0,2018-03-02
11052.3,2018-03-01
11089.8,2018-02-28
10878.5,2018-02-27
10475.0,2018-02-26
9923.22,2018-02-25
10597.2,2018-02-24
10487.3,2018-02-23
11039.1,2018-02-22
11418.5,2018-02-21
11958.5,2018-02-20
11273.8,2018-02-19
11349.8,2018-02-18
11139.5,2018-02-17
10324.1,2018-02-16
10234.8,2018-02-15
9518.54,2018-02-14
8958.47,2018-02-13
8985.92,2018-02-12
8616.13,2018-02-11
9122.55,2018-02-10
8736.98,2018-02-09
8558.77,2018-02-08
8509.11,2018-02-07
7850.7,2018-02-06
8364.84,2018-02-05
9334.87,2018-02-04
9430.75,2018-02-03
9142.28,2018-02-02
10288.8,2018-02-01
10381.6,2018-01-31
11307.2,2018-01-30
11875.6,2018-01-29
12040.3,2018-01-28
11614.9,2018-01-27
11656.7,2018-01-26
11785.7,2018-01-25
11501.4,2018-01-24
11377.6,2018-01-23
11966.4,2018-01-22
12895.9,2018-01-21
13103.0,2018-01-20
11992.8,2018-01-19
12107.3,2018-01-18
11678.0,2018-01-17
13843.1,2018-01-16
14445.5,2018-01-15
14511.8,2018-01-14
14659.5,2018-01-13
14229.9,2018-01-12
15018.8,2018-01-11
14973.3,2018-01-10
15497.5,2018-01-09
16537.9,2018-01-08
17579.6,2018-01-07
17712.4,2018-01-06
17705.2,2018-01-05
15739.7,2018-01-04
15572.8,2018-01-03
15444.6,2018-01-02
14112.2,2018-01-01
14377.4,2017-12-31
14681.9,2017-12-30
15279.0,2017-12-29
15888.4,2017-12-28
16930.9,2017-12-27
16461.2,2017-12-26
14593.0,2017-12-25
14626.0,2017-12-24
15603.2,2017-12-23
15943.4,2017-12-22
17567.7,2017-12-21
17934.7,2017-12-20
19177.8,2017-12-19
19371.0,2017-12-18
20089.0,2017-12-17
19716.7,2017-12-16
18154.1,2017-12-15
17085.8,2017-12-14
17653.1,2017-12-13
17781.8,2017-12-12
17513.9,2017-12-11
15850.6,2017-12-10
16783.0,2017-12-09
18353.4,2017-12-08
17899.7,2017-12-07
14369.1,2017-12-06
12032.0,2017-12-05
11657.2,2017-12-04
11858.7,2017-12-03
11320.2,2017-12-02
11046.7,2017-12-01
10801.0,2017-11-30
11517.4,2017-11-29
10125.7,2017-11-28
9818.35,2017-11-27
9522.93,2017-11-26
8790.92,2017-11-25
8374.16,2017-11-24
8267.4,2017-11-23
8302.26,2017-11-22
8348.66,2017-11-21
8336.86,2017-11-20
8101.91,2017-11-19
7884.99,2017-11-18
8004.59,2017-11-17
7967.38,2017-11-16
7342.25,2017-11-15
6764.98,2017-11-14
6811.19,2017-11-13
6625.05,2017-11-12
6873.15,2017-11-11
7312.0,2017-11-10
7446.83,2017-11-09
7776.42,2017-11-08
7253.32,2017-11-07
7445.77,2017-11-06
7617.48,2017-11-05
7492.86,2017-11-04
7461.29,2017-11-03
7367.33,2017-11-02
6767.31,2017-11-01
6470.43,2017-10-31
6214.99,2017-10-30
6255.71,2017-10-29
5876.72,2017-10-28
5988.39,2017-10-27
5976.8,2017-10-26
5754.33,2017-10-25
5935.52,2017-10-24
6075.59,2017-10-23
6076.26,2017-10-22
6194.88,2017-10-21
6060.11,2017-10-20
5744.35,2017-10-19
5603.82,2017-10-18
5800.35,2017-10-17
5776.23,2017-10-16
5852.48,2017-10-15
5837.7,2017-10-14
5840.3,2017-10-13
5446.91,2017-10-12
4873.73,2017-10-11
4922.17,2017-10-10
4878.71,2017-10-09
4624.14,2017-10-08
4443.88,2017-10-07
4413.27,2017-10-06
4362.64,2017-10-05
4352.31,2017-10-04
4432.47,2017-10-03
4470.23,2017-10-02
4403.74,2017-10-01
4358.43,2017-09-30
4214.63,2017-09-29
4279.31,2017-09-28
4210.05,2017-09-27
3969.89,2017-09-26
3950.25,2017-09-25
3796.15,2017-09-24
3819.21,2017-09-23
3758.27,2017-09-22
3916.42,2017-09-21
4031.39,2017-09-20
4094.07,2017-09-19
4079.23,2017-09-18
3664.81,2017-09-17
3808.84,2017-09-16
3733.45,2017-09-15
3920.6,2017-09-14
4131.98,2017-09-13
4344.65,2017-09-12
4261.67,2017-09-11
4245.44,2017-09-10
4308.82,2017-09-09
4661.0,2017-09-08
4655.04,2017-09-07
4617.25,2017-09-06
4427.84,2017-09-05
4591.63,2017-09-04
4714.08,2017-09-03
4975.04,2017-09-02
4892.01,2017-09-01
4736.05,2017-08-31
4626.52,2017-08-30
4625.68,2017-08-29
4403.93,2017-08-28
4416.59,2017-08-27
4379.28,2017-08-26
4455.7,2017-08-25
4376.39,2017-08-24
4255.78,2017-08-23
4128.76,2017-08-22
4109.14,2017-08-21
4196.29,2017-08-20
4243.26,2017-08-19
4370.13,2017-08-18
4484.7,2017-08-17
4381.23,2017-08-16
4455.97,2017-08-15
4325.13,2017-08-14
4208.39,2017-08-13
3949.92,2017-08-12
3679.72,2017-08-11
3453.45,2017-08-10
3422.76,2017-08-09
3484.85,2017-08-08
3397.68,2017-08-07
3293.29,2017-08-06
3290.01,2017-08-05
2899.33,2017-08-04
2813.31,2017-08-03
2762.53,2017-08-02
2921.35,2017-08-01
2889.62,2017-07-31
2758.53,2017-07-30
2808.76,2017-07-29
2897.45,2017-07-28
2693.32,2017-07-27
2610.76,2017-07-26
2768.08,2017-07-25
2777.26,2017-07-24
2832.18,2017-07-23
2862.42,2017-07-22
2838.41,2017-07-21
2900.7,2017-07-20
2397.17,2017-07-19
2387.61,2017-07-18
2230.49,2017-07-17
2058.77,2017-07-16
2231.14,2017-07-15
2363.25,2017-07-14
2425.22,2017-07-13
2423.71,2017-07-12
2413.47,2017-07-11
2537.16,2017-07-10
2635.49,2017-07-09
2571.34,2017-07-08
2916.14,2017-07-07
2616.72,2017-07-06
2622.65,2017-07-05
2631.59,2017-07-04
2595.0,2017-07-03
2514.28,2017-07-02
2515.27,2017-07-01
2559.25,2017-06-30
2588.83,2017-06-29
2603.98,2017-06-28
2552.45,2017-06-27
2615.25,2017-06-26
2682.26,2017-06-25
2757.94,2017-06-24
2765.17,2017-06-23
2723.74,2017-06-22
2772.01,2017-06-21
2763.45,2017-06-20
2662.85,2017-06-19
2662.1,2017-06-18
2685.19,2017-06-17
2539.92,2017-06-16
2534.71,2017-06-15
2786.83,2017-06-14
2789.04,2017-06-13
2997.26,2017-06-12
2996.6,2017-06-11
2950.99,2017-06-10
2901.71,2017-06-09
2815.3,2017-06-08
2869.38,2017-06-07
2999.91,2017-06-06
2686.81,2017-06-05
2585.89,2017-06-04
2581.91,2017-06-03
2488.55,2017-06-02
2448.39,2017-06-01
2311.08,2017-05-31
2301.96,2017-05-30
2307.05,2017-05-29
2267.34,2017-05-28
2260.2,2017-05-27
2573.79,2017-05-26
2763.71,2017-05-25
2523.72,2017-05-24
2320.82,2017-05-23
2303.9,2017-05-22
2119.08,2017-05-21
2084.73,2017-05-20
2004.52,2017-05-19
1904.48,2017-05-18
1864.05,2017-05-17
1785.94,2017-05-16
1812.8,2017-05-15
1831.42,2017-05-14
1812.99,2017-05-13
1856.15,2017-05-12
1873.93,2017-05-11
1788.44,2017-05-10
1833.49,2017-05-09
1723.35,2017-05-08
1596.72,2017-05-07
1578.8,2017-05-06
1618.03,2017-05-05
1608.91,2017-05-04
1492.77,2017-05-03
1473.9,2017-05-02
1434.32,2017-05-01
1347.91,2017-04-30
1327.2,2017-04-29
1331.28,2017-04-28
1319.7,2017-04-27
1294.83,2017-04-26
1267.58,2017-04-25
1250.94,2017-04-24
1232.2,2017-04-23
1235.56,2017-04-22
1235.94,2017-04-21
1240.79,2017-04-20
1215.51,2017-04-19
1217.57,2017-04-18
1194.9,2017-04-17
1187.22,2017-04-16
1188.0,2017-04-15
1190.8,2017-04-14
1205.89,2017-04-13
1207.14,2017-04-12
1208.07,2017-04-11
1190.34,2017-04-10
1197.21,2017-04-09
1184.98,2017-04-08
1186.58,2017-04-07
1188.37,2017-04-06
1135.09,2017-04-05
1156.44,2017-04-04
1151.74,2017-04-03
1107.59,2017-04-02
1091.72,2017-04-01
1074.92,2017-03-31
1049.29,2017-03-30
1055.13,2017-03-29
1064.65,2017-03-28
1046.4,2017-03-27
1007.96,2017-03-26
975.76,2017-03-25
1040.47,2017-03-24
1058.01,2017-03-23
1120.65,2017-03-22
1122.43,2017-03-21
1063.03,2017-03-20
1069.91,2017-03-19
1114.07,2017-03-18
1180.16,2017-03-17
1257.98,2017-03-16
1251.61,2017-03-15
1244.81,2017-03-14
1237.37,2017-03-13
1226.98,2017-03-12
1193.83,2017-03-11
1270.47,2017-03-10
1197.46,2017-03-09
1232.16,2017-03-08
1275.55,2017-03-07
1276.0,2017-03-06
1267.29,2017-03-05
1279.4,2017-03-04
1280.31,2017-03-03
1262.13,2017-03-02
1222.5,2017-03-01
1193.25,2017-02-28
1181.98,2017-02-27
1167.47,2017-02-26
1174.85,2017-02-25
1200.39,2017-02-24
1176.62,2017-02-23
1125.39,2017-02-22
1117.25,2017-02-21
1080.49,2017-02-20
1056.81,2017-02-19
1061.1,2017-02-18
1053.17,2017-02-17
1033.37,2017-02-16
1008.84,2017-02-15
1011.51,2017-02-14
1002.1,2017-02-13
1004.76,2017-02-12
1009.29,2017-02-11
998.9,2017-02-10
1088.99,2017-02-09
1078.97,2017-02-08
1061.93,2017-02-07
1044.64,2017-02-06
1043.63,2017-02-05
1045.9,2017-02-04
1033.87,2017-02-03
1013.52,2017-02-02
989.11,2017-02-01
972.02,2017-01-31
923.05,2017-01-30
923.42,2017-01-29
923.91,2017-01-28
923.22,2017-01-27
919.33,2017-01-26
903.25,2017-01-25
924.14,2017-01-24
928.27,2017-01-23
937.52,2017-01-22
927.37,2017-01-21
899.4,2017-01-20
904.61,2017-01-19
917.5,2017-01-18
910.56,2017-01-17
834.53,2017-01-16
823.31,2017-01-15
835.09,2017-01-14
829.0,2017-01-13
826.25,2017-01-12
919.45,2017-01-11
914.87,2017-01-10
913.69,2017-01-09
942.72,2017-01-08
908.59,2017-01-07
1046.81,2017-01-06
1191.1,2017-01-05
1159.42,2017-01-04
1044.08,2017-01-03
1031.39,2017-01-02
1003.08,2017-01-01
963.74,2016-12-31
972.53,2016-12-30
979.4,2016-12-29
975.92,2016-12-28
940.05,2016-12-27
913.18,2016-12-26
899.65,2016-12-25
923.48,2016-12-24
925.12,2016-12-23
875.78,2016-12-22
834.28,2016-12-21
801.34,2016-12-20
793.61,2016-12-19
794.74,2016-12-18
792.51,2016-12-17
785.03,2016-12-16
781.43,2016-12-15
782.03,2016-12-14
788.46,2016-12-13
781.92,2016-12-12
774.8,2016-12-11
777.09,2016-12-10
774.53,2016-12-09
774.7,2016-12-08
771.54,2016-12-07
765.62,2016-12-06
773.47,2016-12-05
773.87,2016-12-04
778.25,2016-12-03
781.3,2016-12-02
758.27,2016-12-01
747.93,2016-11-30
737.47,2016-11-29
738.01,2016-11-28
739.02,2016-11-27
742.21,2016-11-26
741.65,2016-11-25
746.83,2016-11-24
752.25,2016-11-23
753.87,2016-11-22
741.72,2016-11-21
755.48,2016-11-20
756.24,2016-11-19
752.88,2016-11-18
755.64,2016-11-17
747.62,2016-11-16
715.72,2016-11-15
706.28,2016-11-14
705.26,2016-11-13
717.15,2016-11-12
718.32,2016-11-11
723.02,2016-11-10
740.05,2016-11-09
712.99,2016-11-08
710.74,2016-11-07
714.26,2016-11-06
707.51,2016-11-05
706.93,2016-11-04
745.77,2016-11-03
740.83,2016-11-02
736.45,2016-11-01
709.29,2016-10-31
714.12,2016-10-30
720.4,2016-10-29
690.44,2016-10-28
688.59,2016-10-27
679.73,2016-10-26
664.42,2016-10-25
657.25,2016-10-24
661.13,2016-10-23
658.2,2016-10-22
634.09,2016-10-21
631.92,2016-10-20
638.87,2016-10-19
640.74,2016-10-18
642.33,2016-10-17
642.9,2016-10-16
642.1,2016-10-15
641.28,2016-10-14
638.83,2016-10-13
641.34,2016-10-12
642.08,2016-10-11
621.32,2016-10-10
619.2,2016-10-09
619.85,2016-10-08
617.91,2016-10-07
613.82,2016-10-06
613.81,2016-10-05
612.05,2016-10-04
612.57,2016-10-03
614.0,2016-10-02
615.24,2016-10-01
609.74,2016-09-30
606.82,2016-09-29
606.59,2016-09-28
608.25,2016-09-27
608.14,2016-09-26
603.38,2016-09-25
604.58,2016-09-24
603.21,2016-09-23
598.49,2016-09-22
603.59,2016-09-21
609.52,2016-09-20
610.93,2016-09-19
610.16,2016-09-18
607.86,2016-09-17
609.26,2016-09-16
611.09,2016-09-15
611.95,2016-09-14
611.19,2016-09-13
608.46,2016-09-12
628.82,2016-09-11
625.1,2016-09-10
626.83,2016-09-09
628.77,2016-09-08
614.54,2016-09-07
610.83,2016-09-06
609.05,2016-09-05
611.84,2016-09-04
599.5,2016-09-03
575.64,2016-09-02
576.31,2016-09-01
577.86,2016-08-31
578.36,2016-08-30
576.28,2016-08-29
574.04,2016-08-28
579.85,2016-08-27
580.62,2016-08-26
580.45,2016-08-25
583.59,2016-08-24
589.47,2016-08-23
588.45,2016-08-22
584.16,2016-08-21
582.82,2016-08-20
578.24,2016-08-19
577.79,2016-08-18
580.89,2016-08-17
581.74,2016-08-16
573.58,2016-08-15
585.67,2016-08-14
589.77,2016-08-13
589.91,2016-08-12
597.54,2016-08-11
599.98,2016-08-10
591.09,2016-08-09
592.99,2016-08-08
597.51,2016-08-07
588.4,2016-08-06
578.28,2016-08-05
579.5,2016-08-04
573.36,2016-08-03
612.85,2016-08-02
626.12,2016-08-01
655.28,2016-07-31
658.22,2016-07-30
657.8,2016-07-29
657.6,2016-07-28
657.46,2016-07-27
656.23,2016-07-26
661.83,2016-07-25
663.11,2016-07-24
656.37,2016-07-23
666.58,2016-07-22
666.22,2016-07-21
672.93,2016-07-20
673.28,2016-07-19
681.55,2016-07-18
682.37,2016-07-17
666.46,2016-07-16
667.08,2016-07-15
662.9,2016-07-14
668.7,2016-07-13
675.26,2016-07-12
659.63,2016-07-11
652.29,2016-07-10
666.38,2016-07-09
666.71,2016-07-08
682.43,2016-07-07
681.9,2016-07-06
683.49,2016-07-05
683.66,2016-07-04
704.97,2016-07-03
703.7,2016-07-02
686.15,2016-07-01
675.4,2016-06-30
644.68,2016-06-29
659.25,2016-06-28
655.27,2016-06-27
665.98,2016-06-26
691.73,2016-06-25
681.73,2016-06-24
629.33,2016-06-23
678.67,2016-06-22
735.88,2016-06-21
764.08,2016-06-20
766.62,2016-06-19
777.99,2016-06-18
775.36,2016-06-17
773.72,2016-06-16
696.3,2016-06-15
704.5,2016-06-14
716.0,2016-06-13
684.84,2016-06-12
607.12,2016-06-11
579.13,2016-06-10
582.2,2016-06-09
582.84,2016-06-08
590.26,2016-06-07
586.47,2016-06-06
582.81,2016-06-05
590.13,2016-06-04
574.64,2016-06-03
540.35,2016-06-02
543.08,2016-06-01
546.62,2016-05-31
544.35,2016-05-30
553.96,2016-05-29
533.47,2016-05-28
478.15,2016-05-27
453.64,2016-05-26
450.3,2016-05-25
447.1,2016-05-24
444.35,2016-05-23
443.43,2016-05-22
443.78,2016-05-21
444.05,2016-05-20
454.63,2016-05-19
456.0,2016-05-18
455.07,2016-05-17
458.2,2016-05-16
458.69,2016-05-15
456.84,2016-05-14
457.06,2016-05-13
454.95,2016-05-12
454.58,2016-05-11
461.93,2016-05-10
462.48,2016-05-09
459.42,2016-05-08
460.68,2016-05-07
461.38,2016-05-06
448.51,2016-05-05
450.38,2016-05-04
451.1,2016-05-03
452.44,2016-05-02
452.48,2016-05-01
455.59,2016-04-30
455.38,2016-04-29
449.55,2016-04-28
467.08,2016-04-27
467.96,2016-04-26
466.62,2016-04-25
460.15,2016-04-24
450.28,2016-04-23
449.81,2016-04-22
450.55,2016-04-21
443.05,2016-04-20
436.02,2016-04-19
429.27,2016-04-18
431.37,2016-04-17
432.63,2016-04-16
429.93,2016-04-15
425.37,2016-04-14
426.66,2016-04-13
427.28,2016-04-12
422.74,2016-04-11
422.44,2016-04-10
420.89,2016-04-09
425.36,2016-04-08
423.66,2016-04-07
424.53,2016-04-06
424.26,2016-04-05
422.34,2016-04-04
421.58,2016-04-03
422.08,2016-04-02
418.17,2016-04-01
418.37,2016-03-31
416.83,2016-03-30
426.2,2016-03-29
426.86,2016-03-28
428.8,2016-03-27
418.99,2016-03-26
418.08,2016-03-25
418.68,2016-03-24
419.27,2016-03-23
418.38,2016-03-22
413.42,2016-03-21
414.63,2016-03-20
410.98,2016-03-19
420.55,2016-03-18
421.0,2016-03-17
417.69,2016-03-16
418.13,2016-03-15
416.68,2016-03-14
416.6,2016-03-13
421.8,2016-03-12
423.93,2016-03-11
417.51,2016-03-10
416.03,2016-03-09
416.24,2016-03-08
415.92,2016-03-07
411.91,2016-03-06
411.26,2016-03-05
425.18,2016-03-04
425.37,2016-03-03
435.92,2016-03-02
439.65,2016-03-01
441.51,2016-02-29
435.68,2016-02-28
434.23,2016-02-27
432.15,2016-02-26
427.72,2016-02-25
425.55,2016-02-24
439.86,2016-02-23
439.05,2016-02-22
448.05,2016-02-21
441.98,2016-02-20
423.1,2016-02-19
426.0,2016-02-18
421.17,2016-02-17
408.94,2016-02-16
410.38,2016-02-15
407.23,2016-02-14
391.86,2016-02-13
384.95,2016-02-12
383.13,2016-02-11
385.48,2016-02-10
377.25,2016-02-09
379.88,2016-02-08
380.87,2016-02-07
386.63,2016-02-06
391.09,2016-02-05
391.61,2016-02-04
374.95,2016-02-03
375.88,2016-02-02
378.07,2016-02-01
380.35,2016-01-31
380.92,2016-01-30
384.38,2016-01-29
395.5,2016-01-28
396.84,2016-01-27
397.77,2016-01-26
402.32,2016-01-25
405.49,2016-01-24
394.54,2016-01-23
410.41,2016-01-22
422.88,2016-01-21
425.27,2016-01-20
387.73,2016-01-19
388.1,2016-01-18
390.96,2016-01-17
390.56,2016-01-16
430.25,2016-01-15
433.32,2016-01-14
435.19,2016-01-13
448.18,2016-01-12
450.66,2016-01-11
448.31,2016-01-10
454.64,2016-01-09
462.93,2016-01-08
458.77,2016-01-07
431.86,2016-01-06
434.18,2016-01-05
434.52,2016-01-04
433.74,2016-01-03
436.06,2016-01-02
436.25,2016-01-01
432.92,2015-12-31
434.39,2015-12-30
432.98,2015-12-29
429.77,2015-12-28
424.01,2015-12-27
457.49,2015-12-26
458.31,2015-12-25
458.46,2015-12-24
444.53,2015-12-23
443.69,2015-12-22
444.73,2015-12-21
462.64,2015-12-20
465.58,2015-12-19
465.18,2015-12-18
457.86,2015-12-17
465.21,2015-12-16
465.32,2015-12-15
447.14,2015-12-14
441.68,2015-12-13
469.1,2015-12-12
451.94,2015-12-11
419.51,2015-12-10
423.12,2015-12-09
415.56,2015-12-08
399.97,2015-12-07
402.81,2015-12-06
389.79,2015-12-05
363.52,2015-12-04
370.27,2015-12-03
362.23,2015-12-02
378.93,2015-12-01
382.36,2015-11-30
371.94,2015-11-29
359.54,2015-11-28
363.59,2015-11-27
366.76,2015-11-26
329.13,2015-11-25
323.06,2015-11-24
325.12,2015-11-23
327.01,2015-11-22
328.16,2015-11-21
326.47,2015-11-20
335.33,2015-11-19
336.53,2015-11-18
338.35,2015-11-17
331.63,2015-11-16
334.66,2015-11-15
338.18,2015-11-14
340.91,2015-11-13
345.08,2015-11-12
340.58,2015-11-11
381.39,2015-11-10
385.28,2015-11-09
389.89,2015-11-08
390.59,2015-11-07
395.84,2015-11-06
447.56,2015-11-05
495.56,2015-11-04
417.9,2015-11-03
365.36,2015-11-02
327.47,2015-11-01
332.78,2015-10-31
334.17,2015-10-30
318.17,2015-10-29
306.33,2015-10-28
296.21,2015-10-27
285.3,2015-10-26
294.06,2015-10-25
281.71,2015-10-24
278.68,2015-10-23
276.51,2015-10-22
270.77,2015-10-21
270.83,2015-10-20
264.82,2015-10-19
271.67,2015-10-18
273.58,2015-10-17
266.13,2015-10-16
255.96,2015-10-15
254.28,2015-10-14
250.24,2015-10-13
247.45,2015-10-12
247.24,2015-10-11
245.32,2015-10-10
244.23,2015-10-09
244.25,2015-10-08
246.68,2015-10-07
246.94,2015-10-06
240.38,2015-10-05
238.97,2015-10-04
239.31,2015-10-03
238.54,2015-10-02
238.44,2015-10-01
237.73,2015-09-30
239.8,2015-09-29
239.34,2015-09-28
234.53,2015-09-27
235.4,2015-09-26
237.43,2015-09-25
235.65,2015-09-24
231.84,2015-09-23
232.39,2015-09-22
231.22,2015-09-21
232.37,2015-09-20
233.21,2015-09-19
234.35,2015-09-18
230.28,2015-09-17
231.22,2015-09-16
259.18,2015-09-15
232.44,2015-09-14
235.94,2015-09-13
240.12,2015-09-12
241.17,2015-09-11
241.29,2015-09-10
244.42,2015-09-09
245.78,2015-09-08
242.11,2015-09-07
242.91,2015-09-06
236.14,2015-09-05
230.9,2015-09-04
229.6,2015-09-03
230.58,2015-09-02
231.22,2015-09-01
231.96,2015-08-31
232.07,2015-08-30
233.22,2015-08-29
235.22,2015-08-28
228.64,2015-08-27
231.18,2015-08-26
226.32,2015-08-25
228.14,2015-08-24
232.71,2015-08-23
234.96,2015-08-22
236.43,2015-08-21
237.37,2015-08-20
237.41,2015-08-19
257.99,2015-08-18
260.5,2015-08-17
262.44,2015-08-16
266.67,2015-08-15
267.47,2015-08-14
266.23,2015-08-13
270.67,2015-08-12
270.39,2015-08-11
267.03,2015-08-10
267.0,2015-08-09
279.93,2015-08-08
280.39,2015-08-07
281.91,2015-08-06
285.5,2015-08-05
285.71,2015-08-04
285.47,2015-08-03
283.03,2015-08-02
284.93,2015-08-01
288.96,2015-07-31
290.13,2015-07-30
294.54,2015-07-29
296.65,2015-07-28
297.77,2015-07-27
293.05,2015-07-26
290.73,2015-07-25
289.25,2015-07-24
278.11,2015-07-23
277.67,2015-07-22
280.55,2015-07-21
278.98,2015-07-20
275.67,2015-07-19
282.53,2015-07-18
280.28,2015-07-17
291.18,2015-07-16
293.25,2015-07-15
296.15,2015-07-14
310.95,2015-07-13
314.39,2015-07-12
298.51,2015-07-11
294.59,2015-07-10
272.33,2015-07-09
272.97,2015-07-08
271.34,2015-07-07
277.42,2015-07-06
274.51,2015-07-05
261.46,2015-07-04
257.08,2015-07-03
261.63,2015-07-02
265.17,2015-07-01
267.87,2015-06-30
257.17,2015-06-29
251.17,2015-06-28
251.34,2015-06-27
243.75,2015-06-26
243.33,2015-06-25
244.34,2015-06-24
247.3,2015-06-23
247.92,2015-06-22
245.22,2015-06-21
245.83,2015-06-20
250.98,2015-06-19
252.11,2015-06-18
256.85,2015-06-17
251.74,2015-06-16
237.84,2015-06-15
234.86,2015-06-14
232.65,2015-06-13
231.06,2015-06-12
230.29,2015-06-11
229.78,2015-06-10
230.95,2015-06-09
229.46,2015-06-08
226.19,2015-06-07
225.72,2015-06-06
225.97,2015-06-05
226.58,2015-06-04
227.4,2015-06-03
226.42,2015-06-02
231.71,2015-06-01
233.25,2015-05-31
237.09,2015-05-30
237.52,2015-05-29
237.82,2015-05-28
238.64,2015-05-27
238.24,2015-05-26
241.02,2015-05-25
241.98,2015-05-24
241.03,2015-05-23
240.97,2015-05-22
236.24,2015-05-21
234.68,2015-05-20
234.15,2015-05-19
237.21,2015-05-18
238.03,2015-05-17
237.7,2015-05-16
238.75,2015-05-15
237.8,2015-05-14
243.7,2015-05-13
242.88,2015-05-12
244.27,2015-05-11
244.07,2015-05-10
247.8,2015-05-09
246.28,2015-05-08
239.1,2015-05-07
236.45,2015-05-06
239.2,2015-05-05
242.64,2015-05-04
243.24,2015-05-03
235.73,2015-05-02
238.97,2015-05-01
239.56,2015-04-30
227.04,2015-04-29
229.5,2015-04-28
233.31,2015-04-27
226.94,2015-04-26
232.56,2015-04-25
236.31,2015-04-24
236.47,2015-04-23
237.91,2015-04-22
235.27,2015-04-21
226.35,2015-04-20
226.35,2015-04-19
224.32,2015-04-18
228.91,2015-04-17
229.67,2015-04-16
223.83,2015-04-15
224.98,2015-04-14
236.94,2015-04-13
237.73,2015-04-12
239.54,2015-04-11
243.69,2015-04-10
246.12,2015-04-09
253.85,2015-04-08
255.81,2015-04-07
261.8,2015-04-06
260.68,2015-04-05
255.26,2015-04-04
256.04,2015-04-03
254.46,2015-04-02
247.54,2015-04-01
248.73,2015-03-31
249.24,2015-03-30
253.14,2015-03-29
254.21,2015-03-28
256.81,2015-03-27
254.35,2015-03-26
249.19,2015-03-25
267.0,2015-03-24
277.3,2015-03-23
269.75,2015-03-22
262.2,2015-03-21
264.85,2015-03-20
264.24,2015-03-19
285.34,2015-03-18
292.37,2015-03-17
294.11,2015-03-16
286.53,2015-03-15
286.34,2015-03-14
294.5,2015-03-13
297.09,2015-03-12
297.39,2015-03-11
300.04,2015-03-10
292.7,2015-03-09
277.86,2015-03-08
277.85,2015-03-07
277.61,2015-03-06
281.67,2015-03-05
284.23,2015-03-04
285.8,2015-03-03
276.3,2015-03-02
261.66,2015-03-01
254.69,2015-02-28
256.65,2015-02-27
237.71,2015-02-26
239.34,2015-02-25
239.9,2015-02-24
240.11,2015-02-23
246.39,2015-02-22
255.32,2015-02-21
247.1,2015-02-20
242.67,2015-02-19
244.25,2015-02-18
245.78,2015-02-17
239.52,2015-02-16
265.61,2015-02-15
259.81,2015-02-14
240.26,2015-02-13
222.2,2015-02-12
223.41,2015-02-11
221.81,2015-02-10
223.98,2015-02-09
229.44,2015-02-08
230.3,2015-02-07
230.51,2015-02-06
239.41,2015-02-05
230.06,2015-02-04
245.96,2015-02-03
242.18,2015-02-02
231.57,2015-02-01
233.5,2015-01-31
242.85,2015-01-30
238.71,2015-01-29
266.54,2015-01-28
275.48,2015-01-27
309.38,2015-01-26
255.07,2015-01-25
248.21,2015-01-24
234.84,2015-01-23
237.02,2015-01-22
227.79,2015-01-21
215.24,2015-01-20
216.73,2015-01-19
218.69,2015-01-18
211.73,2015-01-17
221.59,2015-01-16
229.07,2015-01-15
223.89,2015-01-14
268.28,2015-01-13
272.2,2015-01-12
279.64,2015-01-11
288.13,2015-01-10
291.11,2015-01-09
294.13,2015-01-08
298.75,2015-01-07
287.55,2015-01-06
278.34,2015-01-05
287.23,2015-01-04
315.15,2015-01-03
315.84,2015-01-02
320.44,2015-01-01
320.19,2014-12-31
314.81,2014-12-30
320.27,2014-12-29
320.03,2014-12-28
328.91,2014-12-27
331.42,2014-12-26
322.67,2014-12-25
334.74,2014-12-24
336.29,2014-12-23
334.12,2014-12-22
329.63,2014-12-21
330.32,2014-12-20
318.53,2014-12-19
323.71,2014-12-18
333.95,2014-12-17
345.86,2014-12-16
351.81,2014-12-15
353.32,2014-12-14
352.38,2014-12-13
352.98,2014-12-12
361.36,2014-12-11
352.38,2014-12-10
363.07,2014-12-09
376.03,2014-12-08
376.29,2014-12-07
378.45,2014-12-06
379.19,2014-12-05
378.65,2014-12-04
383.03,2014-12-03
384.04,2014-12-02
383.66,2014-12-01
382.53,2014-11-30
387.6,2014-11-29
382.84,2014-11-28
373.99,2014-11-27
377.7,2014-11-26
394.7,2014-11-25
387.21,2014-11-24
370.85,2014-11-23
364.84,2014-11-22
357.88,2014-11-21
382.02,2014-11-20
386.48,2014-11-19
392.4,2014-11-18
410.2,2014-11-17
390.8,2014-11-16
405.53,2014-11-15
419.25,2014-11-14
457.09,2014-11-13
429.72,2014-11-12
371.31,2014-11-11
374.82,2014-11-10
363.63,2014-11-09
347.03,2014-11-08
352.73,2014-11-07
352.97,2014-11-06
343.37,2014-11-05
331.77,2014-11-04
334.0,2014-11-03
329.05,2014-11-02
340.53,2014-11-01
348.05,2014-10-31
350.91,2014-10-30
357.83,2014-10-29
359.98,2014-10-28
358.63,2014-10-27
359.22,2014-10-26
359.86,2014-10-25
364.35,2014-10-24
385.05,2014-10-23
388.58,2014-10-22
392.65,2014-10-21
390.08,2014-10-20
393.94,2014-10-19
395.16,2014-10-18
385.48,2014-10-17
398.81,2014-10-16
402.23,2014-10-15
411.7,2014-10-14
397.23,2014-10-13
379.43,2014-10-12
367.19,2014-10-11
375.07,2014-10-10
382.73,2014-10-09
354.36,2014-10-08
339.25,2014-10-07
345.13,2014-10-06
341.8,2014-10-05
364.49,2014-10-04
377.69,2014-10-03
385.5,2014-10-02
391.38,2014-10-01
390.98,2014-09-30
385.21,2014-09-29
401.02,2014-09-28
406.62,2014-09-27
414.94,2014-09-26
423.52,2014-09-25
436.11,2014-09-24
441.56,2014-09-23
406.92,2014-09-22
412.43,2014-09-21
423.3,2014-09-20
427.83,2014-09-19
456.86,2014-09-18
468.17,2014-09-17
475.64,2014-09-16
478.62,2014-09-15
479.85,2014-09-14
482.12,2014-09-13
479.63,2014-09-12
482.35,2014-09-11
487.47,2014-09-10
477.38,2014-09-09
489.83,2014-09-08
488.07,2014-09-07
488.6,2014-09-06
490.64,2014-09-05
493.93,2014-09-04
481.71,2014-09-03
482.99,2014-09-02
485.31,2014-09-01
504.88,2014-08-31
509.31,2014-08-30
511.69,2014-08-29
516.16,2014-08-28
520.71,2014-08-27
512.69,2014-08-26
508.22,2014-08-25
512.89,2014-08-24
514.3,2014-08-23
521.48,2014-08-22
531.9,2014-08-21
518.28,2014-08-20
485.71,2014-08-19
499.37,2014-08-18
520.19,2014-08-17
521.48,2014-08-16
518.18,2014-08-15
546.24,2014-08-14
573.03,2014-08-13
576.95,2014-08-12
591.51,2014-08-11
594.46,2014-08-10
592.47,2014-08-09
598.12,2014-08-08
591.1,2014-08-07
587.49,2014-08-06
589.87,2014-08-05
591.95,2014-08-04
589.15,2014-08-03
594.91,2014-08-02
597.92,2014-08-01
586.24,2014-07-31
585.12,2014-07-30
588.38,2014-07-29
594.57,2014-07-28
598.94,2014-07-27
602.09,2014-07-26
607.07,2014-07-25
620.43,2014-07-24
624.43,2014-07-23
624.3,2014-07-22
624.09,2014-07-21
628.56,2014-07-20
629.17,2014-07-19
629.21,2014-07-18
626.29,2014-07-17
623.09,2014-07-16
625.14,2014-07-15
627.34,2014-07-14
634.73,2014-07-13
636.66,2014-07-12
632.09,2014-07-11
626.12,2014-07-10
627.0,2014-07-09
626.7,2014-07-08
637.16,2014-07-07
638.65,2014-07-06
633.22,2014-07-05
648.43,2014-07-04
650.77,2014-07-03
656.68,2014-07-02
657.86,2014-07-01
645.15,2014-06-30
604.08,2014-06-29
604.47,2014-06-28
600.12,2014-06-27
581.63,2014-06-26
583.6,2014-06-25
596.97,2014-06-24
603.21,2014-06-23
606.0,2014-06-22
599.46,2014-06-21
599.75,2014-06-20
612.24,2014-06-19
615.88,2014-06-18
610.89,2014-06-17
608.72,2014-06-16
592.94,2014-06-15
601.27,2014-06-14
615.14,2014-06-13
638.11,2014-06-12
657.04,2014-06-11
659.62,2014-06-10
657.7,2014-06-09
658.88,2014-06-08
656.94,2014-06-07
661.37,2014-06-06
663.53,2014-06-05
668.56,2014-06-04
674.11,2014-06-03
665.5,2014-06-02
671.51,2014-06-01
624.72,2014-05-31
618.46,2014-05-30
577.1,2014-05-29
578.62,2014-05-28
589.52,2014-05-27
588.39,2014-05-26
576.48,2014-05-25
525.17,2014-05-24
541.96,2014-05-23
525.36,2014-05-22
494.37,2014-05-21
491.44,2014-05-20
447.56,2014-05-19
449.77,2014-05-18
451.98,2014-05-17
450.66,2014-05-16
449.8,2014-05-15
446.66,2014-05-14
441.98,2014-05-13
442.26,2014-05-12
455.34,2014-05-11
455.77,2014-05-10
452.69,2014-05-09
448.4,2014-05-08
446.13,2014-05-07
448.04,2014-05-06
440.97,2014-05-05
439.77,2014-05-04
449.4,2014-05-03
457.93,2014-05-02
460.61,2014-05-01
451.1,2014-04-30
451.64,2014-04-29
447.53,2014-04-28
459.33,2014-04-27
464.54,2014-04-26
500.3,2014-04-25
500.46,2014-04-24
493.25,2014-04-23
503.22,2014-04-22
510.57,2014-04-21
510.87,2014-04-20
503.56,2014-04-19
498.6,2014-04-18
533.52,2014-04-17
542.38,2014-04-16
519.0,2014-04-15
469.75,2014-04-14
427.4,2014-04-13
439.61,2014-04-12
429.77,2014-04-11
443.37,2014-04-10
455.73,2014-04-09
457.42,2014-04-08
462.56,2014-04-07
466.32,2014-04-06
463.57,2014-04-05
454.65,2014-04-04
449.56,2014-04-03
495.05,2014-04-02
495.34,2014-04-01
483.02,2014-03-31
492.37,2014-03-30
504.86,2014-03-29
526.02,2014-03-28
580.56,2014-03-27
590.03,2014-03-26
585.44,2014-03-25
586.56,2014-03-24
570.24,2014-03-23
572.55,2014-03-22
604.59,2014-03-21
609.75,2014-03-20
622.0,2014-03-19
622.39,2014-03-18
632.68,2014-03-17
637.52,2014-03-16
639.14,2014-03-15
639.53,2014-03-14
644.2,2014-03-13
648.03,2014-03-12
638.42,2014-03-11
644.76,2014-03-10
643.95,2014-03-09
635.14,2014-03-08
665.34,2014-03-07
669.77,2014-03-06
674.28,2014-03-05
696.22,2014-03-04
702.91,2014-03-03
570.48,2014-03-02
573.38,2014-03-01
584.14,2014-02-28
594.05,2014-02-27
603.8,2014-02-26
541.38,2014-02-25
607.61,2014-02-24
639.91,2014-02-23
614.48,2014-02-22
582.96,2014-02-21
627.73,2014-02-20
631.77,2014-02-19
645.76,2014-02-18
656.95,2014-02-17
665.1,2014-02-16
661.84,2014-02-15
691.72,2014-02-14
657.99,2014-02-13
672.9,2014-02-12
712.46,2014-02-11
703.71,2014-02-10
712.27,2014-02-09
721.82,2014-02-08
783.2,2014-02-07
819.81,2014-02-06
837.32,2014-02-05
840.17,2014-02-04
826.48,2014-02-03
844.72,2014-02-02
853.52,2014-02-01
831.87,2014-01-31
830.5,2014-01-30
836.87,2014-01-29
832.5,2014-01-28
893.0,2014-01-27
897.02,2014-01-26
861.45,2014-01-25
822.43,2014-01-24
851.57,2014-01-23
870.15,2014-01-22
881.2,2014-01-21
886.39,2014-01-20
870.96,2014-01-19
841.49,2014-01-18
842.91,2014-01-17
866.16,2014-01-16
872.81,2014-01-15
855.69,2014-01-14
861.29,2014-01-13
928.52,2014-01-12
921.48,2014-01-11
871.19,2014-01-10
864.36,2014-01-09
870.68,2014-01-08
965.74,2014-01-07
1017.12,2014-01-06
952.4,2014-01-05
859.51,2014-01-04
834.15,2014-01-03
820.31,2014-01-02
775.35,2014-01-01
760.58,2013-12-31
766.6,2013-12-30
748.61,2013-12-29
747.06,2013-12-28
777.51,2013-12-27
777.75,2013-12-26
682.7,2013-12-25
684.39,2013-12-24
680.91,2013-12-23
666.74,2013-12-22
654.27,2013-12-21
729.16,2013-12-20
707.23,2013-12-19
679.32,2013-12-18
754.83,2013-12-17
882.25,2013-12-16
886.16,2013-12-15
904.65,2013-12-14
941.79,2013-12-13
901.94,2013-12-12
1001.58,2013-12-11
997.23,2013-12-10
921.93,2013-12-09
802.51,2013-12-08
854.64,2013-12-07
1042.38,2013-12-06
1154.36,2013-12-05
1156.12,2013-12-04
1096.0,2013-12-03
1055.42,2013-12-02
1133.08,2013-12-01
1156.14,2013-11-30
1146.97,2013-11-29
1077.56,2013-11-28
1001.96,2013-11-27
928.54,2013-11-26
810.68,2013-11-25
807.36,2013-11-24
844.97,2013-11-23
780.85,2013-11-22
733.4,2013-11-21
599.65,2013-11-20
806.11,2013-11-19
703.78,2013-11-18
500.58,2013-11-17
450.26,2013-11-16
437.89,2013-11-15
425.9,2013-11-14
414.05,2013-11-13
362.81,2013-11-12
351.27,2013-11-11
350.7,2013-11-10
370.82,2013-11-09
338.66,2013-11-08
304.17,2013-11-07
263.0,2013-11-06
250.66,2013-11-05
231.01,2013-11-04
215.05,2013-11-03
207.76,2013-11-02
206.65,2013-11-01
205.18,2013-10-31
209.16,2013-10-30
204.79,2013-10-29
198.62,2013-10-28
196.44,2013-10-27
188.41,2013-10-26
198.87,2013-10-25
217.42,2013-10-24
213.62,2013-10-23
196.27,2013-10-22
184.82,2013-10-21
174.91,2013-10-20
177.48,2013-10-19
155.96,2013-10-18
147.42,2013-10-17
152.23,2013-10-16
145.39,2013-10-15
144.12,2013-10-14
138.66,2013-10-13
135.66,2013-10-12
131.81,2013-10-11
131.5,2013-10-10
131.75,2013-10-09
127.47,2013-10-08
130.27,2013-10-07
129.66,2013-10-06
130.44,2013-10-05
130.09,2013-10-04
123.63,2013-10-03
133.59,2013-10-02
134.63,2013-10-01
138.35,2013-09-30
140.61,2013-09-29
135.63,2013-09-28
134.74,2013-09-27
134.93,2013-09-26
129.69,2013-09-25
127.46,2013-09-24
132.72,2013-09-23
133.94,2013-09-22
128.61,2013-09-21
135.62,2013-09-20
131.77,2013-09-19
133.2,2013-09-18
132.76,2013-09-17
132.72,2013-09-16
131.44,2013-09-15
135.85,2013-09-14
137.58,2013-09-13
136.08,2013-09-12
137.83,2013-09-11
129.74,2013-09-10
129.06,2013-09-09
124.72,2013-09-08
125.94,2013-09-07
127.34,2013-09-06
131.44,2013-09-05
144.5,2013-09-04
138.34,2013-09-03
146.5,2013-09-02
145.81,2013-09-01
140.89,2013-08-31
135.75,2013-08-30
123.7,2013-08-29
127.32,2013-08-28
127.24,2013-08-27
122.75,2013-08-26
122.99,2013-08-25
121.39,2013-08-24
122.0,2013-08-23
123.5,2013-08-22
124.91,2013-08-21
123.01,2013-08-20
123.06,2013-08-19
114.69,2013-08-18
113.75,2013-08-17
112.3,2013-08-16
113.25,2013-08-15
115.0,2013-08-14
109.35,2013-08-13
108.0,2013-08-12
105.19,2013-08-11
103.9,2013-08-10
105.75,2013-08-09
106.75,2013-08-08
106.75,2013-08-07
107.38,2013-08-06
107.77,2013-08-05
105.95,2013-08-04
105.78,2013-08-03
108.0,2013-08-02
108.0,2013-08-01
111.34,2013-07-31
107.99,2013-07-30
102.5,2013-07-29
100.58,2013-07-28
97.0,2013-07-27
97.47,2013-07-26
97.33,2013-07-25
95.99,2013-07-24
96.82,2013-07-23
92.0,2013-07-22
91.95,2013-07-21
93.1,2013-07-20
95.2,2013-07-19
98.8,2013-07-18
99.97,2013-07-17
99.86,2013-07-16
101.9,2013-07-15
98.7,2013-07-14
98.25,2013-07-13
104.0,2013-07-12
90.28,2013-07-11
87.0,2013-07-10
78.3,2013-07-09
80.0,2013-07-08
74.56,2013-07-07
75.0,2013-07-06
80.0,2013-07-05
83.11,2013-07-04
90.98,2013-07-03
92.3,2013-07-02
97.66,2013-07-01
98.12,2013-06-30
99.99,2013-06-29
101.74,2013-06-28
104.0,2013-06-27
105.49,2013-06-26
106.47,2013-06-25
108.33,2013-06-24
108.8,2013-06-23
109.96,2013-06-22
114.99,2013-06-21
114.3,2013-06-20
110.22,2013-06-19
111.11,2013-06-18
102.21,2013-06-17
101.6,2013-06-16
103.7,2013-06-15
104.7,2013-06-14
110.3,2013-06-13
111.79,2013-06-12
109.6,2013-06-11
110.1,2013-06-10
108.99,2013-06-09
111.42,2013-06-08
119.0,2013-06-07
123.1,2013-06-06
123.47,2013-06-05
123.84,2013-06-04
122.5,2013-06-03
129.4,2013-06-02
129.78,2013-06-01
129.9,2013-05-31
132.25,2013-05-30
132.59,2013-05-29
130.58,2013-05-28
135.47,2013-05-27
136.0,2013-05-26
133.22,2013-05-25
133.85,2013-05-24
126.93,2013-05-23
124.0,2013-05-22
123.0,2013-05-21
123.62,2013-05-20
124.5,2013-05-19
125.25,2013-05-18
125.3,2013-05-17
118.76,2013-05-16
115.81,2013-05-15
119.8,2013-05-14
118.7,2013-05-13
117.45,2013-05-12
118.68,2013-05-11
122.0,2013-05-10
113.46,2013-05-09
115.78,2013-05-08
113.44,2013-05-07
124.66,2013-05-06
118.8,2013-05-05
115.0,2013-05-04
108.13,2013-05-03
125.6,2013-05-02
139.89,2013-05-01
146.93,2013-04-30
147.49,2013-04-29
135.98,2013-04-28
